{
  "generated_utc": "2026-05-24T07:31:04.265953+00:00",
  "model": "/Users/spiderishi/Coding/humanoid rl tracking/checkpoints/pure_sac_175000_steps.zip",
  "episodes": 20,
  "max_steps": 200,
  "seed": 0,
  "trajectory": "circle",
  "track_orientation": false,
  "max_episode_steps": 200,
  "obs_noise_std": 0.001,
  "action_noise_std": 0.02,
  "action_delay": 0,
  "per_episode": [
    {
      "rmse": 0.011837322372606667,
      "mean_error": 0.008789998413825521,
      "max_error": 0.08770981203098531,
      "p95_error": 0.013163540664572539,
      "pct_steps_under_5cm": 99.0,
      "mean_abs_delta_action": 0.032936955618077364,
      "mean_qvel_norm": 0.005606506501036596,
      "max_qvel_norm": 0.024317452373519715,
      "sum_reward": -0.2197167363580983,
      "steps": 200.0,
      "mean_orientation_error_rad": 0.0,
      "rmse_orientation_rad": 0.0,
      "max_orientation_error_rad": 0.0,
      "episode": 0.0
    },
    {
      "rmse": 0.011869669037858523,
      "mean_error": 0.008775071258742865,
      "max_error": 0.0874489609914073,
      "p95_error": 0.013804162420692477,
      "pct_steps_under_5cm": 99.0,
      "mean_abs_delta_action": 0.03271055703761187,
      "mean_qvel_norm": 0.0055859431581356585,
      "max_qvel_norm": 0.0244252677603915,
      "sum_reward": -0.21924484906733102,
      "steps": 200.0,
      "mean_orientation_error_rad": 0.0,
      "rmse_orientation_rad": 0.0,
      "max_orientation_error_rad": 0.0,
      "episode": 1.0
    },
    {
      "rmse": 0.011789550865054012,
      "mean_error": 0.008757357796679608,
      "max_error": 0.08588600402466391,
      "p95_error": 0.013696193310861022,
      "pct_steps_under_5cm": 99.0,
      "mean_abs_delta_action": 0.03303683813692497,
      "mean_qvel_norm": 0.005575400440301481,
      "max_qvel_norm": 0.024973505168558518,
      "sum_reward": -0.2197448387589974,
      "steps": 200.0,
      "mean_orientation_error_rad": 0.0,
      "rmse_orientation_rad": 0.0,
      "max_orientation_error_rad": 0.0,
      "episode": 2.0
    },
    {
      "rmse": 0.0116245086768275,
      "mean_error": 0.008359247206185477,
      "max_error": 0.08858233692017772,
      "p95_error": 0.013866358759882956,
      "pct_steps_under_5cm": 99.0,
      "mean_abs_delta_action": 0.033278685622789975,
      "mean_qvel_norm": 0.005600256957977466,
      "max_qvel_norm": 0.024879034734819793,
      "sum_reward": -0.21956832772470383,
      "steps": 200.0,
      "mean_orientation_error_rad": 0.0,
      "rmse_orientation_rad": 0.0,
      "max_orientation_error_rad": 0.0,
      "episode": 3.0
    },
    {
      "rmse": 0.0117730768621701,
      "mean_error": 0.008630539569459472,
      "max_error": 0.08629750907984367,
      "p95_error": 0.013125624549386528,
      "pct_steps_under_5cm": 99.0,
      "mean_abs_delta_action": 0.03277166587240284,
      "mean_qvel_norm": 0.005593421623564763,
      "max_qvel_norm": 0.023720418496428784,
      "sum_reward": -0.21847079283785525,
      "steps": 200.0,
      "mean_orientation_error_rad": 0.0,
      "rmse_orientation_rad": 0.0,
      "max_orientation_error_rad": 0.0,
      "episode": 4.0
    },
    {
      "rmse": 0.011948322461153562,
      "mean_error": 0.008843845206054975,
      "max_error": 0.08751028729050433,
      "p95_error": 0.013694588006363386,
      "pct_steps_under_5cm": 99.0,
      "mean_abs_delta_action": 0.032953983550225094,
      "mean_qvel_norm": 0.005577290749559428,
      "max_qvel_norm": 0.02436660637948687,
      "sum_reward": -0.21992025397764206,
      "steps": 200.0,
      "mean_orientation_error_rad": 0.0,
      "rmse_orientation_rad": 0.0,
      "max_orientation_error_rad": 0.0,
      "episode": 5.0
    },
    {
      "rmse": 0.011843594925994615,
      "mean_error": 0.008832248126324162,
      "max_error": 0.08670457821188578,
      "p95_error": 0.013103583937552008,
      "pct_steps_under_5cm": 99.0,
      "mean_abs_delta_action": 0.03250633291670085,
      "mean_qvel_norm": 0.005596712296866497,
      "max_qvel_norm": 0.024774852215853935,
      "sum_reward": -0.21867983438872296,
      "steps": 200.0,
      "mean_orientation_error_rad": 0.0,
      "rmse_orientation_rad": 0.0,
      "max_orientation_error_rad": 0.0,
      "episode": 6.0
    },
    {
      "rmse": 0.011854942663049437,
      "mean_error": 0.008711538610192445,
      "max_error": 0.08732978410465861,
      "p95_error": 0.013525602472657338,
      "pct_steps_under_5cm": 99.0,
      "mean_abs_delta_action": 0.032061300071251235,
      "mean_qvel_norm": 0.005584581454877859,
      "max_qvel_norm": 0.023683429752080324,
      "sum_reward": -0.21591325554974314,
      "steps": 200.0,
      "mean_orientation_error_rad": 0.0,
      "rmse_orientation_rad": 0.0,
      "max_orientation_error_rad": 0.0,
      "episode": 7.0
    },
    {
      "rmse": 0.011980043479494698,
      "mean_error": 0.009039452333293136,
      "max_error": 0.08427199071097617,
      "p95_error": 0.013619156665544417,
      "pct_steps_under_5cm": 99.0,
      "mean_abs_delta_action": 0.033241545578294736,
      "mean_qvel_norm": 0.0056103065069886895,
      "max_qvel_norm": 0.024550082855874324,
      "sum_reward": -0.21930377654296054,
      "steps": 200.0,
      "mean_orientation_error_rad": 0.0,
      "rmse_orientation_rad": 0.0,
      "max_orientation_error_rad": 0.0,
      "episode": 8.0
    },
    {
      "rmse": 0.01174198220510107,
      "mean_error": 0.008569789715043248,
      "max_error": 0.08738187426637473,
      "p95_error": 0.014253731895169477,
      "pct_steps_under_5cm": 99.0,
      "mean_abs_delta_action": 0.0329896659122017,
      "mean_qvel_norm": 0.005588508500088712,
      "max_qvel_norm": 0.02351076096231631,
      "sum_reward": -0.21959128903039402,
      "steps": 200.0,
      "mean_orientation_error_rad": 0.0,
      "rmse_orientation_rad": 0.0,
      "max_orientation_error_rad": 0.0,
      "episode": 9.0
    },
    {
      "rmse": 0.011823764923775872,
      "mean_error": 0.008681680477616416,
      "max_error": 0.08666374812733484,
      "p95_error": 0.0134297874208152,
      "pct_steps_under_5cm": 99.0,
      "mean_abs_delta_action": 0.03259770902908858,
      "mean_qvel_norm": 0.005604744338764135,
      "max_qvel_norm": 0.024448499615287833,
      "sum_reward": -0.2183216854464241,
      "steps": 200.0,
      "mean_orientation_error_rad": 0.0,
      "rmse_orientation_rad": 0.0,
      "max_orientation_error_rad": 0.0,
      "episode": 10.0
    },
    {
      "rmse": 0.01172650193271197,
      "mean_error": 0.008640755716895215,
      "max_error": 0.08665938275806716,
      "p95_error": 0.013817574493085351,
      "pct_steps_under_5cm": 99.0,
      "mean_abs_delta_action": 0.032604816004899694,
      "mean_qvel_norm": 0.0056074830407970965,
      "max_qvel_norm": 0.024010748327751928,
      "sum_reward": -0.21777635217088692,
      "steps": 200.0,
      "mean_orientation_error_rad": 0.0,
      "rmse_orientation_rad": 0.0,
      "max_orientation_error_rad": 0.0,
      "episode": 11.0
    },
    {
      "rmse": 0.0118252110687419,
      "mean_error": 0.00888373810558889,
      "max_error": 0.0867001469486134,
      "p95_error": 0.012537697618023733,
      "pct_steps_under_5cm": 99.0,
      "mean_abs_delta_action": 0.033035375015907885,
      "mean_qvel_norm": 0.005600899842506621,
      "max_qvel_norm": 0.023973012912632184,
      "sum_reward": -0.21969095702380131,
      "steps": 200.0,
      "mean_orientation_error_rad": 0.0,
      "rmse_orientation_rad": 0.0,
      "max_orientation_error_rad": 0.0,
      "episode": 12.0
    },
    {
      "rmse": 0.011760148518221106,
      "mean_error": 0.008773974712190847,
      "max_error": 0.08542879863873191,
      "p95_error": 0.013683512301330768,
      "pct_steps_under_5cm": 99.0,
      "mean_abs_delta_action": 0.03255460325763114,
      "mean_qvel_norm": 0.005607618994644143,
      "max_qvel_norm": 0.024152806048450468,
      "sum_reward": -0.2177939642703882,
      "steps": 200.0,
      "mean_orientation_error_rad": 0.0,