{
  "generated_utc": "2026-05-24T07:30:13.582118+00:00",
  "model": "/Users/spiderishi/Coding/humanoid rl tracking/checkpoints/pure_sac_175000_steps.zip",
  "episodes": 20,
  "max_steps": 200,
  "seed": 0,
  "trajectory": "figure8",
  "track_orientation": false,
  "max_episode_steps": 200,
  "obs_noise_std": 0.001,
  "action_noise_std": 0.0,
  "action_delay": 0,
  "per_episode": [
    {
      "rmse": 0.019275353900430975,
      "mean_error": 0.01779525865327318,
      "max_error": 0.052165431817508996,
      "p95_error": 0.031067727755657425,
      "pct_steps_under_5cm": 99.5,
      "mean_abs_delta_action": 0.014572498126524303,
      "mean_qvel_norm": 0.0028185927819221624,
      "max_qvel_norm": 0.007752575201061555,
      "sum_reward": -0.12608067613215398,
      "steps": 200.0,
      "mean_orientation_error_rad": 0.0,
      "rmse_orientation_rad": 0.0,
      "max_orientation_error_rad": 0.0,
      "episode": 0.0
    },
    {
      "rmse": 0.019325302680658598,
      "mean_error": 0.017829838860135977,
      "max_error": 0.05257348442392053,
      "p95_error": 0.02912287552516571,
      "pct_steps_under_5cm": 99.5,
      "mean_abs_delta_action": 0.014362812555191723,
      "mean_qvel_norm": 0.0028168953585064127,
      "max_qvel_norm": 0.007754227702667284,
      "sum_reward": -0.1258992349859736,
      "steps": 200.0,
      "mean_orientation_error_rad": 0.0,
      "rmse_orientation_rad": 0.0,
      "max_orientation_error_rad": 0.0,
      "episode": 1.0
    },
    {
      "rmse": 0.01922962952391767,
      "mean_error": 0.017748352555008368,
      "max_error": 0.05309755470180652,
      "p95_error": 0.03013316905918269,
      "pct_steps_under_5cm": 99.5,
      "mean_abs_delta_action": 0.014534282115255343,
      "mean_qvel_norm": 0.0028176284771085974,
      "max_qvel_norm": 0.007736865977971488,
      "sum_reward": -0.12591917381728251,
      "steps": 200.0,
      "mean_orientation_error_rad": 0.0,
      "rmse_orientation_rad": 0.0,
      "max_orientation_error_rad": 0.0,
      "episode": 2.0
    },
    {
      "rmse": 0.019303386270193602,
      "mean_error": 0.01785814444235876,
      "max_error": 0.05291909678893018,
      "p95_error": 0.029804960585709955,
      "pct_steps_under_5cm": 99.5,
      "mean_abs_delta_action": 0.014524540713452931,
      "mean_qvel_norm": 0.0028163664287429472,
      "max_qvel_norm": 0.007731330503427864,
      "sum_reward": -0.1261053325255608,
      "steps": 200.0,
      "mean_orientation_error_rad": 0.0,
      "rmse_orientation_rad": 0.0,
      "max_orientation_error_rad": 0.0,
      "episode": 3.0
    },
    {
      "rmse": 0.019323654562770496,
      "mean_error": 0.017853361369072767,
      "max_error": 0.05108974114139733,
      "p95_error": 0.03003420246710015,
      "pct_steps_under_5cm": 99.5,
      "mean_abs_delta_action": 0.014404796988523278,
      "mean_qvel_norm": 0.0028146514513220245,
      "max_qvel_norm": 0.0077889584740279,
      "sum_reward": -0.12597302772033955,
      "steps": 200.0,
      "mean_orientation_error_rad": 0.0,
      "rmse_orientation_rad": 0.0,
      "max_orientation_error_rad": 0.0,
      "episode": 4.0
    },
    {
      "rmse": 0.019373233829479548,
      "mean_error": 0.017946095795893277,
      "max_error": 0.05136959682138766,
      "p95_error": 0.031054731009543656,
      "pct_steps_under_5cm": 99.5,
      "mean_abs_delta_action": 0.014453487787625811,
      "mean_qvel_norm": 0.0028165075839098695,
      "max_qvel_norm": 0.007750766582381491,
      "sum_reward": -0.1262865164847432,
      "steps": 200.0,
      "mean_orientation_error_rad": 0.0,
      "rmse_orientation_rad": 0.0,
      "max_orientation_error_rad": 0.0,
      "episode": 5.0
    },
    {
      "rmse": 0.019256648274356972,
      "mean_error": 0.017796192729351276,
      "max_error": 0.05342032632626771,
      "p95_error": 0.030456739483817233,
      "pct_steps_under_5cm": 99.5,
      "mean_abs_delta_action": 0.014540292283235926,
      "mean_qvel_norm": 0.002815965187201539,
      "max_qvel_norm": 0.007775514847869074,
      "sum_reward": -0.1260946799856099,
      "steps": 200.0,
      "mean_orientation_error_rad": 0.0,
      "rmse_orientation_rad": 0.0,
      "max_orientation_error_rad": 0.0,
      "episode": 6.0
    },
    {
      "rmse": 0.019248632362024416,
      "mean_error": 0.017776495695834282,
      "max_error": 0.05184058115108138,
      "p95_error": 0.029380923008252242,
      "pct_steps_under_5cm": 99.5,
      "mean_abs_delta_action": 0.014596492461379458,
      "mean_qvel_norm": 0.0028174100934861756,
      "max_qvel_norm": 0.007760316573027977,
      "sum_reward": -0.12646309418931168,
      "steps": 200.0,
      "mean_orientation_error_rad": 0.0,
      "rmse_orientation_rad": 0.0,
      "max_orientation_error_rad": 0.0,
      "episode": 7.0
    },
    {
      "rmse": 0.01923372901582224,
      "mean_error": 0.017752225026454158,
      "max_error": 0.052034460380739334,
      "p95_error": 0.030156526401046498,
      "pct_steps_under_5cm": 99.5,
      "mean_abs_delta_action": 0.014483123451255266,
      "mean_qvel_norm": 0.00281535891450926,
      "max_qvel_norm": 0.007705087135081448,
      "sum_reward": -0.1260214079048379,
      "steps": 200.0,
      "mean_orientation_error_rad": 0.0,
      "rmse_orientation_rad": 0.0,
      "max_orientation_error_rad": 0.0,
      "episode": 8.0
    },
    {
      "rmse": 0.01920843966690269,
      "mean_error": 0.017774393979405168,
      "max_error": 0.04967849149991574,
      "p95_error": 0.029909906522212686,
      "pct_steps_under_5cm": 100.0,
      "mean_abs_delta_action": 0.01466913581454239,
      "mean_qvel_norm": 0.002817266398461562,
      "max_qvel_norm": 0.007733956592666691,
      "sum_reward": -0.12608621568364678,
      "steps": 200.0,
      "mean_orientation_error_rad": 0.0,
      "rmse_orientation_rad": 0.0,
      "max_orientation_error_rad": 0.0,
      "episode": 9.0
    },
    {
      "rmse": 0.019290931909135965,
      "mean_error": 0.01785758249723663,
      "max_error": 0.05233082889364091,
      "p95_error": 0.029036860634724854,
      "pct_steps_under_5cm": 99.5,
      "mean_abs_delta_action": 0.014581683396935314,
      "mean_qvel_norm": 0.002817830398426321,
      "max_qvel_norm": 0.00775356076982912,
      "sum_reward": -0.12640232139363278,
      "steps": 200.0,
      "mean_orientation_error_rad": 0.0,
      "rmse_orientation_rad": 0.0,
      "max_orientation_error_rad": 0.0,
      "episode": 10.0
    },
    {
      "rmse": 0.019416651751052887,
      "mean_error": 0.017912750889177813,
      "max_error": 0.05200564377505512,
      "p95_error": 0.030273420966351598,
      "pct_steps_under_5cm": 99.5,
      "mean_abs_delta_action": 0.014293031687003006,
      "mean_qvel_norm": 0.0028166164243586577,
      "max_qvel_norm": 0.007767181740538486,
      "sum_reward": -0.12561478418037503,
      "steps": 200.0,
      "mean_orientation_error_rad": 0.0,
      "rmse_orientation_rad": 0.0,
      "max_orientation_error_rad": 0.0,
      "episode": 11.0
    },
    {
      "rmse": 0.019224312288910392,
      "mean_error": 0.017735648614837646,
      "max_error": 0.05138778207703036,
      "p95_error": 0.029780183726091477,
      "pct_steps_under_5cm": 99.5,
      "mean_abs_delta_action": 0.014379905242993709,
      "mean_qvel_norm": 0.0028184708001397093,
      "max_qvel_norm": 0.007756526999635884,
      "sum_reward": -0.12592733450162402,
      "steps": 200.0,
      "mean_orientation_error_rad": 0.0,
      "rmse_orientation_rad": 0.0,
      "max_orientation_error_rad": 0.0,
      "episode": 12.0
    },
    {
      "rmse": 0.019409331765486315,
      "mean_error": 0.017919976868935993,
      "max_error": 0.05150639317830352,
      "p95_error": 0.030891506804633657,
      "pct_steps_under_5cm": 99.5,
      "mean_abs_delta_action": 0.014571702192354045,
      "mean_qvel_norm": 0.002816651816395209,
      "max_qvel_norm": 0.007733197031455191,
      "sum_reward": -0.1261653378768769,
      "steps": 200.0,