{
  "generated_utc": "2026-05-24T07:30:48.194124+00:00",
  "model": "/Users/spiderishi/Coding/humanoid rl tracking/checkpoints/pure_sac_175000_steps.zip",
  "episodes": 20,
  "max_steps": 200,
  "seed": 0,
  "trajectory": "circle",
  "track_orientation": false,
  "max_episode_steps": 200,
  "obs_noise_std": 0.01,
  "action_noise_std": 0.0,
  "action_delay": 0,
  "per_episode": [
    {
      "rmse": 0.020377326316892784,
      "mean_error": 0.01809510212774863,
      "max_error": 0.08965273875668606,
      "p95_error": 0.03148208577473504,
      "pct_steps_under_5cm": 99.0,
      "mean_abs_delta_action": 0.05505535433412475,
      "mean_qvel_norm": 0.005576715954154005,
      "max_qvel_norm": 0.024135950463814802,
      "sum_reward": -0.2610262791140269,
      "steps": 200.0,
      "mean_orientation_error_rad": 0.0,
      "rmse_orientation_rad": 0.0,
      "max_orientation_error_rad": 0.0,
      "episode": 0.0
    },
    {
      "rmse": 0.021088278789424406,
      "mean_error": 0.018626317939246354,
      "max_error": 0.09519694066979587,
      "p95_error": 0.030851942972116516,
      "pct_steps_under_5cm": 99.0,
      "mean_abs_delta_action": 0.05628897411119393,
      "mean_qvel_norm": 0.005582035691755609,
      "max_qvel_norm": 0.02472907967843161,
      "sum_reward": -0.2753012525606876,
      "steps": 200.0,
      "mean_orientation_error_rad": 0.0,
      "rmse_orientation_rad": 0.0,
      "max_orientation_error_rad": 0.0,
      "episode": 1.0
    },
    {
      "rmse": 0.021582074027681333,
      "mean_error": 0.019255642674086387,
      "max_error": 0.08648659634275174,
      "p95_error": 0.03358596868191215,
      "pct_steps_under_5cm": 99.0,
      "mean_abs_delta_action": 0.05719492808517639,
      "mean_qvel_norm": 0.005580794739238293,
      "max_qvel_norm": 0.024226055952228997,
      "sum_reward": -0.2786241091576861,
      "steps": 200.0,
      "mean_orientation_error_rad": 0.0,
      "rmse_orientation_rad": 0.0,
      "max_orientation_error_rad": 0.0,
      "episode": 2.0
    },
    {
      "rmse": 0.021207799366239025,
      "mean_error": 0.018966803017458997,
      "max_error": 0.0797651835697889,
      "p95_error": 0.03176836460775617,
      "pct_steps_under_5cm": 98.5,
      "mean_abs_delta_action": 0.05620144983008357,
      "mean_qvel_norm": 0.005577483471083118,
      "max_qvel_norm": 0.0243804120586185,
      "sum_reward": -0.2763282046592269,
      "steps": 200.0,
      "mean_orientation_error_rad": 0.0,
      "rmse_orientation_rad": 0.0,
      "max_orientation_error_rad": 0.0,
      "episode": 3.0
    },
    {
      "rmse": 0.020939286601176547,
      "mean_error": 0.018230722215776776,
      "max_error": 0.10206877020595793,
      "p95_error": 0.03481024992167798,
      "pct_steps_under_5cm": 99.5,
      "mean_abs_delta_action": 0.05746136299003863,
      "mean_qvel_norm": 0.005580702931767265,
      "max_qvel_norm": 0.024210871842779473,
      "sum_reward": -0.27578124689485595,
      "steps": 200.0,
      "mean_orientation_error_rad": 0.0,
      "rmse_orientation_rad": 0.0,
      "max_orientation_error_rad": 0.0,
      "episode": 4.0
    },
    {
      "rmse": 0.020493963965698088,
      "mean_error": 0.018059570533424205,
      "max_error": 0.08413102673410655,
      "p95_error": 0.031764178829291854,
      "pct_steps_under_5cm": 99.0,
      "mean_abs_delta_action": 0.0565868097423185,
      "mean_qvel_norm": 0.0055866412353548145,
      "max_qvel_norm": 0.02403891307276945,
      "sum_reward": -0.2695220211856897,
      "steps": 200.0,
      "mean_orientation_error_rad": 0.0,
      "rmse_orientation_rad": 0.0,
      "max_orientation_error_rad": 0.0,
      "episode": 5.0
    },
    {
      "rmse": 0.02083037378023341,
      "mean_error": 0.01836555380555273,
      "max_error": 0.08258282244859413,
      "p95_error": 0.03186044221259938,
      "pct_steps_under_5cm": 98.5,
      "mean_abs_delta_action": 0.05634381553175853,
      "mean_qvel_norm": 0.005583770486711924,
      "max_qvel_norm": 0.024657068167547095,
      "sum_reward": -0.2840084123838329,
      "steps": 200.0,
      "mean_orientation_error_rad": 0.0,
      "rmse_orientation_rad": 0.0,
      "max_orientation_error_rad": 0.0,
      "episode": 6.0
    },
    {
      "rmse": 0.021949780253020454,
      "mean_error": 0.01914595580791523,
      "max_error": 0.09995092075409759,
      "p95_error": 0.031926486210590355,
      "pct_steps_under_5cm": 98.5,
      "mean_abs_delta_action": 0.055355436304582166,
      "mean_qvel_norm": 0.00558115422587794,
      "max_qvel_norm": 0.024142285950609358,
      "sum_reward": -0.2666390364841844,
      "steps": 200.0,
      "mean_orientation_error_rad": 0.0,
      "rmse_orientation_rad": 0.0,
      "max_orientation_error_rad": 0.0,
      "episode": 7.0
    },
    {
      "rmse": 0.020715024443049058,
      "mean_error": 0.018262629907601958,
      "max_error": 0.08778361443439021,
      "p95_error": 0.032727646856025465,
      "pct_steps_under_5cm": 99.0,
      "mean_abs_delta_action": 0.055167274332766476,
      "mean_qvel_norm": 0.005570327253074421,
      "max_qvel_norm": 0.02463862697466314,
      "sum_reward": -0.2699485303501461,
      "steps": 200.0,
      "mean_orientation_error_rad": 0.0,
      "rmse_orientation_rad": 0.0,
      "max_orientation_error_rad": 0.0,
      "episode": 8.0
    },
    {
      "rmse": 0.020714897734903134,
      "mean_error": 0.0179929967106933,
      "max_error": 0.10039837615136293,
      "p95_error": 0.0316719715340632,
      "pct_steps_under_5cm": 99.0,
      "mean_abs_delta_action": 0.05846059177675043,
      "mean_qvel_norm": 0.005584269734838343,
      "max_qvel_norm": 0.02433294825008776,
      "sum_reward": -0.27871169537910123,
      "steps": 200.0,
      "mean_orientation_error_rad": 0.0,
      "rmse_orientation_rad": 0.0,
      "max_orientation_error_rad": 0.0,
      "episode": 9.0
    },
    {
      "rmse": 0.02136966095395141,
      "mean_error": 0.018974178594977676,
      "max_error": 0.08541630024911047,
      "p95_error": 0.03434541973576213,
      "pct_steps_under_5cm": 98.5,
      "mean_abs_delta_action": 0.056208769262293,
      "mean_qvel_norm": 0.005576787958083116,
      "max_qvel_norm": 0.02471512731210883,
      "sum_reward": -0.2724691546143607,
      "steps": 200.0,
      "mean_orientation_error_rad": 0.0,
      "rmse_orientation_rad": 0.0,
      "max_orientation_error_rad": 0.0,
      "episode": 10.0
    },
    {
      "rmse": 0.02087901663178587,
      "mean_error": 0.018068798350072756,
      "max_error": 0.09594075571945744,
      "p95_error": 0.036147868254643584,
      "pct_steps_under_5cm": 99.0,
      "mean_abs_delta_action": 0.05350504804418557,
      "mean_qvel_norm": 0.005582874638125589,
      "max_qvel_norm": 0.024479108606013673,
      "sum_reward": -0.26789771176385,
      "steps": 200.0,
      "mean_orientation_error_rad": 0.0,
      "rmse_orientation_rad": 0.0,
      "max_orientation_error_rad": 0.0,
      "episode": 11.0
    },
    {
      "rmse": 0.02134631621232263,
      "mean_error": 0.018904701930639103,
      "max_error": 0.09157170497820785,
      "p95_error": 0.03173176963003764,
      "pct_steps_under_5cm": 98.5,
      "mean_abs_delta_action": 0.05517655331049043,
      "mean_qvel_norm": 0.005597203675989092,
      "max_qvel_norm": 0.02425970752725169,
      "sum_reward": -0.27024855274169923,
      "steps": 200.0,
      "mean_orientation_error_rad": 0.0,
      "rmse_orientation_rad": 0.0,
      "max_orientation_error_rad": 0.0,
      "episode": 12.0
    },
    {
      "rmse": 0.0206776452155582,
      "mean_error": 0.018293399986199874,
      "max_error": 0.08851185577053787,
      "p95_error": 0.033409346408651265,
      "pct_steps_under_5cm": 99.0,
      "mean_abs_delta_action": 0.05753821170461729,
      "mean_qvel_norm": 0.005576110460311121,
      "max_qvel_norm": 0.024539989521339282,
      "sum_reward": -0.274691188130778,
      "steps": 200.0,
      "mean_orientation_error_rad": 0.0,
      "rmse_orientation_rad": 0.0,