{
  "generated_utc": "2026-05-24T07:30:31.740774+00:00",
  "model": "/Users/spiderishi/Coding/humanoid rl tracking/checkpoints/pure_sac_175000_steps.zip",
  "episodes": 20,
  "max_steps": 200,
  "seed": 0,
  "trajectory": "spline",
  "track_orientation": false,
  "max_episode_steps": 200,
  "obs_noise_std": 0.001,
  "action_noise_std": 0.0,
  "action_delay": 0,
  "per_episode": [
    {
      "rmse": 0.035373235553848754,
      "mean_error": 0.030068495716779286,
      "max_error": 0.11108574184697156,
      "p95_error": 0.07339212561174367,
      "pct_steps_under_5cm": 91.5,
      "mean_abs_delta_action": 0.1085495646234377,
      "mean_qvel_norm": 0.006499457446626726,
      "max_qvel_norm": 0.02986879249635469,
      "sum_reward": -1.359953051958846,
      "steps": 200.0,
      "mean_orientation_error_rad": 0.0,
      "rmse_orientation_rad": 0.0,
      "max_orientation_error_rad": 0.0,
      "episode": 0.0
    },
    {
      "rmse": 0.0354299727296592,
      "mean_error": 0.0301219005717342,
      "max_error": 0.1118792152210062,
      "p95_error": 0.07226111137684324,
      "pct_steps_under_5cm": 91.5,
      "mean_abs_delta_action": 0.10855017746780425,
      "mean_qvel_norm": 0.006498474040506352,
      "max_qvel_norm": 0.02990454448368507,
      "sum_reward": -1.3575050746716297,
      "steps": 200.0,
      "mean_orientation_error_rad": 0.0,
      "rmse_orientation_rad": 0.0,
      "max_orientation_error_rad": 0.0,
      "episode": 1.0
    },
    {
      "rmse": 0.03534243855944339,
      "mean_error": 0.030095520700871594,
      "max_error": 0.11031814318747506,
      "p95_error": 0.07020574197239275,
      "pct_steps_under_5cm": 91.5,
      "mean_abs_delta_action": 0.10846497500142843,
      "mean_qvel_norm": 0.0065010191736644485,
      "max_qvel_norm": 0.029820354535883112,
      "sum_reward": -1.3510627848335464,
      "steps": 200.0,
      "mean_orientation_error_rad": 0.0,
      "rmse_orientation_rad": 0.0,
      "max_orientation_error_rad": 0.0,
      "episode": 2.0
    },
    {
      "rmse": 0.035234263163156684,
      "mean_error": 0.029953461099728896,
      "max_error": 0.11033423155269559,
      "p95_error": 0.0718475517300259,
      "pct_steps_under_5cm": 91.5,
      "mean_abs_delta_action": 0.10874003975433293,
      "mean_qvel_norm": 0.006494680242193775,
      "max_qvel_norm": 0.029997119033396094,
      "sum_reward": -1.3611755939007215,
      "steps": 200.0,
      "mean_orientation_error_rad": 0.0,
      "rmse_orientation_rad": 0.0,
      "max_orientation_error_rad": 0.0,
      "episode": 3.0
    },
    {
      "rmse": 0.03535168875754451,
      "mean_error": 0.030120575323993072,
      "max_error": 0.10983180350397412,
      "p95_error": 0.0729163680696333,
      "pct_steps_under_5cm": 91.5,
      "mean_abs_delta_action": 0.10879895210344391,
      "mean_qvel_norm": 0.006504190170675033,
      "max_qvel_norm": 0.029917877138397386,
      "sum_reward": -1.3590203975897606,
      "steps": 200.0,
      "mean_orientation_error_rad": 0.0,
      "rmse_orientation_rad": 0.0,
      "max_orientation_error_rad": 0.0,
      "episode": 4.0
    },
    {
      "rmse": 0.03542178889694484,
      "mean_error": 0.030149497855352526,
      "max_error": 0.11284806018462658,
      "p95_error": 0.07141262198742516,
      "pct_steps_under_5cm": 91.5,
      "mean_abs_delta_action": 0.10883921777412846,
      "mean_qvel_norm": 0.006500747858382061,
      "max_qvel_norm": 0.029871739399254603,
      "sum_reward": -1.3551584306357607,
      "steps": 200.0,
      "mean_orientation_error_rad": 0.0,
      "rmse_orientation_rad": 0.0,
      "max_orientation_error_rad": 0.0,
      "episode": 5.0
    },
    {
      "rmse": 0.03521194194670404,
      "mean_error": 0.029904672427084954,
      "max_error": 0.11131611181034107,
      "p95_error": 0.07135851284962608,
      "pct_steps_under_5cm": 91.5,
      "mean_abs_delta_action": 0.10856443226523671,
      "mean_qvel_norm": 0.006496507471856312,
      "max_qvel_norm": 0.02981241188148948,
      "sum_reward": -1.358901146234607,
      "steps": 200.0,
      "mean_orientation_error_rad": 0.0,
      "rmse_orientation_rad": 0.0,
      "max_orientation_error_rad": 0.0,
      "episode": 6.0
    },
    {
      "rmse": 0.035262962722507084,
      "mean_error": 0.030026898740977907,
      "max_error": 0.11115868938665341,
      "p95_error": 0.07163652245168708,
      "pct_steps_under_5cm": 91.5,
      "mean_abs_delta_action": 0.10850223333496829,
      "mean_qvel_norm": 0.006497838708105419,
      "max_qvel_norm": 0.02996740129770346,
      "sum_reward": -1.3580036591223357,
      "steps": 200.0,
      "mean_orientation_error_rad": 0.0,
      "rmse_orientation_rad": 0.0,
      "max_orientation_error_rad": 0.0,
      "episode": 7.0
    },
    {
      "rmse": 0.035416727641713226,
      "mean_error": 0.03018373864579676,
      "max_error": 0.11032675243224871,
      "p95_error": 0.07031129814865167,
      "pct_steps_under_5cm": 91.5,
      "mean_abs_delta_action": 0.10858257071603192,
      "mean_qvel_norm": 0.006498811039852892,
      "max_qvel_norm": 0.029967769891401496,
      "sum_reward": -1.3567025887952102,
      "steps": 200.0,
      "mean_orientation_error_rad": 0.0,
      "rmse_orientation_rad": 0.0,
      "max_orientation_error_rad": 0.0,
      "episode": 8.0
    },
    {
      "rmse": 0.03535779721578975,
      "mean_error": 0.03000816383439893,
      "max_error": 0.1127152505210865,
      "p95_error": 0.07001117337559491,
      "pct_steps_under_5cm": 91.5,
      "mean_abs_delta_action": 0.10857129471224505,
      "mean_qvel_norm": 0.006500967732095719,
      "max_qvel_norm": 0.029972822626456543,
      "sum_reward": -1.356538327930786,
      "steps": 200.0,
      "mean_orientation_error_rad": 0.0,
      "rmse_orientation_rad": 0.0,
      "max_orientation_error_rad": 0.0,
      "episode": 9.0
    },
    {
      "rmse": 0.03524040508996866,
      "mean_error": 0.029958724992367784,
      "max_error": 0.11026167964038869,
      "p95_error": 0.07173724695444571,
      "pct_steps_under_5cm": 91.5,
      "mean_abs_delta_action": 0.10869957882556149,
      "mean_qvel_norm": 0.006500709531152999,
      "max_qvel_norm": 0.029780031672465443,
      "sum_reward": -1.354777996412004,
      "steps": 200.0,
      "mean_orientation_error_rad": 0.0,
      "rmse_orientation_rad": 0.0,
      "max_orientation_error_rad": 0.0,
      "episode": 10.0
    },
    {
      "rmse": 0.03543943554111151,
      "mean_error": 0.030160434572201043,
      "max_error": 0.11116321780572291,
      "p95_error": 0.07205852865209883,
      "pct_steps_under_5cm": 91.5,
      "mean_abs_delta_action": 0.10846337515808908,
      "mean_qvel_norm": 0.00649928399210408,
      "max_qvel_norm": 0.02998347377904442,
      "sum_reward": -1.3576137973019051,
      "steps": 200.0,
      "mean_orientation_error_rad": 0.0,
      "rmse_orientation_rad": 0.0,
      "max_orientation_error_rad": 0.0,
      "episode": 11.0
    },
    {
      "rmse": 0.035353700516458156,
      "mean_error": 0.030062624173179266,
      "max_error": 0.11235089803800742,
      "p95_error": 0.07117730502030434,
      "pct_steps_under_5cm": 91.5,
      "mean_abs_delta_action": 0.10832756144729734,
      "mean_qvel_norm": 0.006496324580838344,
      "max_qvel_norm": 0.02983053996503116,
      "sum_reward": -1.3530658967525953,
      "steps": 200.0,
      "mean_orientation_error_rad": 0.0,
      "rmse_orientation_rad": 0.0,
      "max_orientation_error_rad": 0.0,
      "episode": 12.0
    },
    {
      "rmse": 0.03525370491456801,
      "mean_error": 0.029943896339254587,
      "max_error": 0.11127936413087014,
      "p95_error": 0.07226375193758604,
      "pct_steps_under_5cm": 91.5,
      "mean_abs_delta_action": 0.10872859893971266,
      "mean_qvel_norm": 0.0064959651505769565,
      "max_qvel_norm": 0.02991548808270619,
      "sum_reward": -1.3576517130247985,
      "steps": 200.0,
      "mean_orientation_error_rad": 0.0,
      "rmse_orientation_rad": 0.0,