{
  "generated_utc": "2026-05-24T07:31:20.432646+00:00",
  "model": "/Users/spiderishi/Coding/humanoid rl tracking/checkpoints/pure_sac_175000_steps.zip",
  "episodes": 20,
  "max_steps": 200,
  "seed": 0,
  "trajectory": "circle",
  "track_orientation": false,
  "max_episode_steps": 200,
  "obs_noise_std": 0.001,
  "action_noise_std": 0.0,
  "action_delay": 1,
  "per_episode": [
    {
      "rmse": 0.014489129743442767,
      "mean_error": 0.009950454257055454,
      "max_error": 0.11375639497361774,
      "p95_error": 0.015321599179568218,
      "pct_steps_under_5cm": 98.5,
      "mean_abs_delta_action": 0.03768927635306412,
      "mean_qvel_norm": 0.005800101730169235,
      "max_qvel_norm": 0.024346664830731984,
      "sum_reward": -0.24530217727678422,
      "steps": 200.0,
      "mean_orientation_error_rad": 0.0,
      "rmse_orientation_rad": 0.0,
      "max_orientation_error_rad": 0.0,
      "episode": 0.0
    },
    {
      "rmse": 0.014517803002419756,
      "mean_error": 0.00998938937929962,
      "max_error": 0.11410213412194779,
      "p95_error": 0.016376665455308536,
      "pct_steps_under_5cm": 98.5,
      "mean_abs_delta_action": 0.03795199870835457,
      "mean_qvel_norm": 0.005800557856985706,
      "max_qvel_norm": 0.0244114608922684,
      "sum_reward": -0.2462082732993422,
      "steps": 200.0,
      "mean_orientation_error_rad": 0.0,
      "rmse_orientation_rad": 0.0,
      "max_orientation_error_rad": 0.0,
      "episode": 1.0
    },
    {
      "rmse": 0.014480081773850458,
      "mean_error": 0.009915603366668482,
      "max_error": 0.11257710980961477,
      "p95_error": 0.01645505384242505,
      "pct_steps_under_5cm": 98.5,
      "mean_abs_delta_action": 0.03789848171441589,
      "mean_qvel_norm": 0.005800552990141794,
      "max_qvel_norm": 0.024359207252701687,
      "sum_reward": -0.24618139908881853,
      "steps": 200.0,
      "mean_orientation_error_rad": 0.0,
      "rmse_orientation_rad": 0.0,
      "max_orientation_error_rad": 0.0,
      "episode": 2.0
    },
    {
      "rmse": 0.014508906776479959,
      "mean_error": 0.009934441194456897,
      "max_error": 0.11272693157961872,
      "p95_error": 0.015149652324536635,
      "pct_steps_under_5cm": 98.5,
      "mean_abs_delta_action": 0.03777180708764845,
      "mean_qvel_norm": 0.00580004666367832,
      "max_qvel_norm": 0.024369417291274512,
      "sum_reward": -0.24635321210807323,
      "steps": 200.0,
      "mean_orientation_error_rad": 0.0,
      "rmse_orientation_rad": 0.0,
      "max_orientation_error_rad": 0.0,
      "episode": 3.0
    },
    {
      "rmse": 0.014542833877611985,
      "mean_error": 0.009983541169190086,
      "max_error": 0.1150073815741802,
      "p95_error": 0.015404096626251118,
      "pct_steps_under_5cm": 98.5,
      "mean_abs_delta_action": 0.038024641947667005,
      "mean_qvel_norm": 0.005799231228624597,
      "max_qvel_norm": 0.024361353083172593,
      "sum_reward": -0.24583071148263572,
      "steps": 200.0,
      "mean_orientation_error_rad": 0.0,
      "rmse_orientation_rad": 0.0,
      "max_orientation_error_rad": 0.0,
      "episode": 4.0
    },
    {
      "rmse": 0.014358764285360226,
      "mean_error": 0.009706092627982728,
      "max_error": 0.11326662892698748,
      "p95_error": 0.01514676865333031,
      "pct_steps_under_5cm": 98.5,
      "mean_abs_delta_action": 0.03783977017334533,
      "mean_qvel_norm": 0.0057987558992801,
      "max_qvel_norm": 0.024329790250242407,
      "sum_reward": -0.2453097076161142,
      "steps": 200.0,
      "mean_orientation_error_rad": 0.0,
      "rmse_orientation_rad": 0.0,
      "max_orientation_error_rad": 0.0,
      "episode": 5.0
    },
    {
      "rmse": 0.01451447868936229,
      "mean_error": 0.00994682462143981,
      "max_error": 0.11302877918047967,
      "p95_error": 0.01597318943246977,
      "pct_steps_under_5cm": 98.5,
      "mean_abs_delta_action": 0.03781944752936857,
      "mean_qvel_norm": 0.005799916555208035,
      "max_qvel_norm": 0.02440475881469802,
      "sum_reward": -0.2461041556273456,
      "steps": 200.0,
      "mean_orientation_error_rad": 0.0,
      "rmse_orientation_rad": 0.0,
      "max_orientation_error_rad": 0.0,
      "episode": 6.0
    },
    {
      "rmse": 0.014592091362572699,
      "mean_error": 0.009980817565115733,
      "max_error": 0.11480871552165173,
      "p95_error": 0.014816264630146144,
      "pct_steps_under_5cm": 98.5,
      "mean_abs_delta_action": 0.03756348997657582,
      "mean_qvel_norm": 0.005798448783467891,
      "max_qvel_norm": 0.02432782945267049,
      "sum_reward": -0.2447220549639154,
      "steps": 200.0,
      "mean_orientation_error_rad": 0.0,
      "rmse_orientation_rad": 0.0,
      "max_orientation_error_rad": 0.0,
      "episode": 7.0
    },
    {
      "rmse": 0.01446468904736737,
      "mean_error": 0.009878661647563392,
      "max_error": 0.1134614629196327,
      "p95_error": 0.01501343267835857,
      "pct_steps_under_5cm": 98.5,
      "mean_abs_delta_action": 0.03762831649392842,
      "mean_qvel_norm": 0.005798908531142218,
      "max_qvel_norm": 0.024378904603703483,
      "sum_reward": -0.24540212331033145,
      "steps": 200.0,
      "mean_orientation_error_rad": 0.0,
      "rmse_orientation_rad": 0.0,
      "max_orientation_error_rad": 0.0,
      "episode": 8.0
    },
    {
      "rmse": 0.014589400110827157,
      "mean_error": 0.010000303922721294,
      "max_error": 0.11486921293115572,
      "p95_error": 0.016113541867223875,
      "pct_steps_under_5cm": 98.5,
      "mean_abs_delta_action": 0.0377312976613704,
      "mean_qvel_norm": 0.005799131955138759,
      "max_qvel_norm": 0.024373090784651587,
      "sum_reward": -0.24583384578569561,
      "steps": 200.0,
      "mean_orientation_error_rad": 0.0,
      "rmse_orientation_rad": 0.0,
      "max_orientation_error_rad": 0.0,
      "episode": 9.0
    },
    {
      "rmse": 0.014518810562516051,
      "mean_error": 0.01000842235273728,
      "max_error": 0.11340574016786424,
      "p95_error": 0.015645898822516387,
      "pct_steps_under_5cm": 98.5,
      "mean_abs_delta_action": 0.0378044579941318,
      "mean_qvel_norm": 0.005797147282179779,
      "max_qvel_norm": 0.02438096386705564,
      "sum_reward": -0.24576478748549743,
      "steps": 200.0,
      "mean_orientation_error_rad": 0.0,
      "rmse_orientation_rad": 0.0,
      "max_orientation_error_rad": 0.0,
      "episode": 10.0
    },
    {
      "rmse": 0.014552886461517615,
      "mean_error": 0.009922890803749453,
      "max_error": 0.11446742720570124,
      "p95_error": 0.01498560408037386,
      "pct_steps_under_5cm": 98.5,
      "mean_abs_delta_action": 0.03786978060210787,
      "mean_qvel_norm": 0.005801909517424095,
      "max_qvel_norm": 0.024388410068746303,
      "sum_reward": -0.24598304167164284,
      "steps": 200.0,
      "mean_orientation_error_rad": 0.0,
      "rmse_orientation_rad": 0.0,
      "max_orientation_error_rad": 0.0,
      "episode": 11.0
    },
    {
      "rmse": 0.014608117779173944,
      "mean_error": 0.01005295725716595,
      "max_error": 0.11403740955287703,
      "p95_error": 0.015719911029664795,
      "pct_steps_under_5cm": 98.5,
      "mean_abs_delta_action": 0.037732223222495614,
      "mean_qvel_norm": 0.005800764959619173,
      "max_qvel_norm": 0.024369004811421267,
      "sum_reward": -0.24583320646511986,
      "steps": 200.0,
      "mean_orientation_error_rad": 0.0,
      "rmse_orientation_rad": 0.0,
      "max_orientation_error_rad": 0.0,
      "episode": 12.0
    },
    {
      "rmse": 0.014474624660565337,
      "mean_error": 0.009931652107366485,
      "max_error": 0.11379765008051976,
      "p95_error": 0.015169254368704543,
      "pct_steps_under_5cm": 98.5,
      "mean_abs_delta_action": 0.03779127350473561,
      "mean_qvel_norm": 0.005799478846358778,
      "max_qvel_norm": 0.024389488718574603,
      "sum_reward": -0.24542156394255926,
      "steps": 200.0,
      "mean_orientation_error_rad": 0.0,