{
  "generated_utc": "2026-05-24T07:29:57.524102+00:00",
  "model": "/Users/spiderishi/Coding/humanoid rl tracking/checkpoints/pure_sac_175000_steps.zip",
  "episodes": 20,
  "max_steps": 200,
  "seed": 0,
  "trajectory": "circle",
  "track_orientation": false,
  "max_episode_steps": 200,
  "obs_noise_std": 0.001,
  "action_noise_std": 0.0,
  "action_delay": 0,
  "per_episode": [
    {
      "rmse": 0.011669917021920518,
      "mean_error": 0.008600735649398445,
      "max_error": 0.08692668822186604,
      "p95_error": 0.01289228625084466,
      "pct_steps_under_5cm": 99.0,
      "mean_abs_delta_action": 0.03106511449228829,
      "mean_qvel_norm": 0.005534188799037958,
      "max_qvel_norm": 0.02435311379655694,
      "sum_reward": -0.21449490611600958,
      "steps": 200.0,
      "mean_orientation_error_rad": 0.0,
      "rmse_orientation_rad": 0.0,
      "max_orientation_error_rad": 0.0,
      "episode": 0.0
    },
    {
      "rmse": 0.011703904024225354,
      "mean_error": 0.008642561981727147,
      "max_error": 0.08730583403104974,
      "p95_error": 0.012960311355847624,
      "pct_steps_under_5cm": 99.0,
      "mean_abs_delta_action": 0.031065355569311497,
      "mean_qvel_norm": 0.005534688490489834,
      "max_qvel_norm": 0.024417953417530707,
      "sum_reward": -0.21577497078224256,
      "steps": 200.0,
      "mean_orientation_error_rad": 0.0,
      "rmse_orientation_rad": 0.0,
      "max_orientation_error_rad": 0.0,
      "episode": 1.0
    },
    {
      "rmse": 0.011731962954508441,
      "mean_error": 0.008637607194939553,
      "max_error": 0.0857276810760068,
      "p95_error": 0.013442153103441054,
      "pct_steps_under_5cm": 99.0,
      "mean_abs_delta_action": 0.03116169043121636,
      "mean_qvel_norm": 0.005534342670432743,
      "max_qvel_norm": 0.024365740380687194,
      "sum_reward": -0.21603532715704452,
      "steps": 200.0,
      "mean_orientation_error_rad": 0.0,
      "rmse_orientation_rad": 0.0,
      "max_orientation_error_rad": 0.0,
      "episode": 2.0
    },
    {
      "rmse": 0.011687805266140753,
      "mean_error": 0.008566181607459316,
      "max_error": 0.08592046939166183,
      "p95_error": 0.012794527352618842,
      "pct_steps_under_5cm": 99.0,
      "mean_abs_delta_action": 0.031155759894415515,
      "mean_qvel_norm": 0.0055343948428704,
      "max_qvel_norm": 0.02437580726536181,
      "sum_reward": -0.21613806487149076,
      "steps": 200.0,
      "mean_orientation_error_rad": 0.0,
      "rmse_orientation_rad": 0.0,
      "max_orientation_error_rad": 0.0,
      "episode": 3.0
    },
    {
      "rmse": 0.011682551757563088,
      "mean_error": 0.00859919772404539,
      "max_error": 0.08812699345383408,
      "p95_error": 0.012634825946175566,
      "pct_steps_under_5cm": 99.0,
      "mean_abs_delta_action": 0.031360379447340984,
      "mean_qvel_norm": 0.005533841139597245,
      "max_qvel_norm": 0.024367899035137485,
      "sum_reward": -0.21607654047049263,
      "steps": 200.0,
      "mean_orientation_error_rad": 0.0,
      "rmse_orientation_rad": 0.0,
      "max_orientation_error_rad": 0.0,
      "episode": 4.0
    },
    {
      "rmse": 0.01155930925968539,
      "mean_error": 0.00837848891007815,
      "max_error": 0.08633794560530901,
      "p95_error": 0.012602262206876162,
      "pct_steps_under_5cm": 99.0,
      "mean_abs_delta_action": 0.03116515062003214,
      "mean_qvel_norm": 0.005534644305648804,
      "max_qvel_norm": 0.024336226254513992,
      "sum_reward": -0.21520240777221392,
      "steps": 200.0,
      "mean_orientation_error_rad": 0.0,
      "rmse_orientation_rad": 0.0,
      "max_orientation_error_rad": 0.0,
      "episode": 5.0
    },
    {
      "rmse": 0.011688448462689828,
      "mean_error": 0.00855725786799553,
      "max_error": 0.08614194779770257,
      "p95_error": 0.01291108082454519,
      "pct_steps_under_5cm": 99.0,
      "mean_abs_delta_action": 0.03114839771949564,
      "mean_qvel_norm": 0.0055346982022965625,
      "max_qvel_norm": 0.024411264794995283,
      "sum_reward": -0.21657888186168436,
      "steps": 200.0,
      "mean_orientation_error_rad": 0.0,
      "rmse_orientation_rad": 0.0,
      "max_orientation_error_rad": 0.0,
      "episode": 6.0
    },
    {
      "rmse": 0.011827671993140483,
      "mean_error": 0.00865990653204283,
      "max_error": 0.0879551723172221,
      "p95_error": 0.012821979639473525,
      "pct_steps_under_5cm": 99.0,
      "mean_abs_delta_action": 0.030807368334327952,
      "mean_qvel_norm": 0.005533604884994197,
      "max_qvel_norm": 0.024334242123246957,
      "sum_reward": -0.2145500112926009,
      "steps": 200.0,
      "mean_orientation_error_rad": 0.0,
      "rmse_orientation_rad": 0.0,
      "max_orientation_error_rad": 0.0,
      "episode": 7.0
    },
    {
      "rmse": 0.01158747385331224,
      "mean_error": 0.008461188710573567,
      "max_error": 0.08664046694775027,
      "p95_error": 0.013084860917469042,
      "pct_steps_under_5cm": 99.0,
      "mean_abs_delta_action": 0.03095649771910061,
      "mean_qvel_norm": 0.005533394327664407,
      "max_qvel_norm": 0.024385279693814984,
      "sum_reward": -0.21500262540965653,
      "steps": 200.0,
      "mean_orientation_error_rad": 0.0,
      "rmse_orientation_rad": 0.0,
      "max_orientation_error_rad": 0.0,
      "episode": 8.0
    },
    {
      "rmse": 0.011774034455628284,
      "mean_error": 0.008650160759423408,
      "max_error": 0.0878049625241902,
      "p95_error": 0.012827527339957106,
      "pct_steps_under_5cm": 99.0,
      "mean_abs_delta_action": 0.031204363886546495,
      "mean_qvel_norm": 0.005533721877048357,
      "max_qvel_norm": 0.024379540481521536,
      "sum_reward": -0.21583339601556495,
      "steps": 200.0,
      "mean_orientation_error_rad": 0.0,
      "rmse_orientation_rad": 0.0,
      "max_orientation_error_rad": 0.0,
      "episode": 9.0
    },
    {
      "rmse": 0.011703189571197562,
      "mean_error": 0.008630980702660735,
      "max_error": 0.08654144766214346,
      "p95_error": 0.013104476575259979,
      "pct_steps_under_5cm": 99.0,
      "mean_abs_delta_action": 0.031065614335760147,
      "mean_qvel_norm": 0.005533741319163232,
      "max_qvel_norm": 0.024387338592941697,
      "sum_reward": -0.21510294281417297,
      "steps": 200.0,
      "mean_orientation_error_rad": 0.0,
      "rmse_orientation_rad": 0.0,
      "max_orientation_error_rad": 0.0,
      "episode": 10.0
    },
    {
      "rmse": 0.011690247390249752,
      "mean_error": 0.008514414598385058,
      "max_error": 0.08755456008642394,
      "p95_error": 0.012530763615719047,
      "pct_steps_under_5cm": 99.0,
      "mean_abs_delta_action": 0.031160532196990134,
      "mean_qvel_norm": 0.00553449565332515,
      "max_qvel_norm": 0.024394950145995582,
      "sum_reward": -0.21623312331604586,
      "steps": 200.0,
      "mean_orientation_error_rad": 0.0,
      "rmse_orientation_rad": 0.0,
      "max_orientation_error_rad": 0.0,
      "episode": 11.0
    },
    {
      "rmse": 0.011770757850113145,
      "mean_error": 0.008666637120526248,
      "max_error": 0.08702467642786965,
      "p95_error": 0.013273648420697328,
      "pct_steps_under_5cm": 99.0,
      "mean_abs_delta_action": 0.031094558081959107,
      "mean_qvel_norm": 0.005535987219469854,
      "max_qvel_norm": 0.024375483794107672,
      "sum_reward": -0.2157947082978284,
      "steps": 200.0,
      "mean_orientation_error_rad": 0.0,
      "rmse_orientation_rad": 0.0,
      "max_orientation_error_rad": 0.0,
      "episode": 12.0
    },
    {
      "rmse": 0.011654643223774639,
      "mean_error": 0.008576413840448696,
      "max_error": 0.0867845627122812,
      "p95_error": 0.012941289101074439,
      "pct_steps_under_5cm": 99.0,
      "mean_abs_delta_action": 0.03114970110976186,
      "mean_qvel_norm": 0.005533635922921012,
      "max_qvel_norm": 0.024395958693730336,
      "sum_reward": -0.21542738240662399,
      "steps": 200.0,
      "mean_orientation_error_rad": 0.0,